,utterances,color
0,"<Architect> Facing north, build three stacks of two orange blocks, then destroy the bottom orange block on all three stacks",orange
1,<Architect> Make a row with 3 orange blocks next to each other,orange
2,<Architect> Place another green block to the southeastern side of the eastern most block.,green
3,"<Architect> Place a green block to the west of the green block that's already present. Then, destroy the green block that's there.",green
4,<Architect> Place another green block diagonally to the southwest of the existing green block.,green
5,<Architect> replace the yellow blocks with orange <Builder> this is orange. it looks like yellow as builder <Architect> Thank you,mixed
6,<Architect> Place three orange blocks next to each other in the middle of the space.,orange
7,"<Architect> Facing north, remove yellow block at the bottom. <Builder> Which block should be removed? If facing north, there is no ""bottom"", as they're in a horizontal row. <Architect> Build a row of three orange blocks on top of the existing row of yellow blocks, then remove all three of the yellow blocks at the bottom.",orange
8,"<Architect> Facing north, move near the edge of the game area and build a stack of 6 yellow blocks",orange
9,<Architect> In the middle of the grid build a column of 6 yellow blocks. Break the third block you placed.,orange
10,<Architect> Place one yellow block the left and the right of the second highest block.,orange
11,"<Architect> Leaving one empty cell to the left of the yellow structure, build a column of three green blocks. Break the first block placed.",green
12,"<Architect> Facing north, place 2 green blocks to the left of the topmost green block, horizontally.",green
13,"<Architect> Facing north, add two green block on the top of the green block on the left (it will make a tower of 4 green block)",green
14,<Architect> Place two green blocks on top of the leftmost green block.,green
15,<Architect> Break the highest two blocks of the rightmost green tower.,mixed
16,<Architect> Add one green block below the leftmost green tower.,green
17,"<Architect> Stack 6 yellow blocks in the middle of the grid, break the 3rd block from the bottom.",yellow
18,"<Architect> stack two yellow blocks, one atop the other <Builder> In which direction should I be facing? <Architect> Face south",yellow
19,<Architect> Stack a yellow block on another yellow block,yellow
20,<Architect> Stack a yellow block on a yellow block,yellow
21,<Architect> Remove 3 yellow blocks,mixed
22,<Architect> place a yellow block atop the yellow block,yellow
23,"<Architect> place three yellow blocks above the yellow blocks, skipping one space, leaving a blank in between",yellow
24,<Architect> place two yellow blocks vertically atop the highest yellow block,yellow
25,"<Architect> Place a green block on the eastern side of the block that's the second to highest, and do the same on the western side. The resulting structure should look like a plus sign from the northern view.",green
26,<Architect> Destroy the two green blocks and replace them with yellow blocks.,yellow
27,<Architect> place green block two squares west of the second level yellow block,green
28,"<Architect> Stack 6 yellow blocks in the middle of the grid, the break the 3rd block from the bottom.",yellow
29,"<Architect> Facing North, Build 2 yellow blocks at the right and left side of the 2nd top existing yellow block. <Builder> Is it 2 blocks on each side (total 4) or 1 block on each side (total 2)? <Architect> It is one block on each side, totaling two.",yellow
30,"<Architect> Facing north, skip one square to the left of the yellow tower and stack 3 green blocks, so that there's a 1 block gap between the green blocks and the bottom two yellow blocks, then, finally, break the bottom green block.",green
31,"<Architect> Facing North from left to right direction, Destroy the existing green blocks. Move to 5th column and 7th position, Build 2 green one top another by leave the bottom space empty. <Builder> It's unclear what the instruction means by ""7th position."" The last part of the instruction is very ungrammatical, although I can guess what it means. <Architect> Ignore the first instruction. Facing north, place a green block to the left of the top green block, then stack 5 green blocks immediately to the left of that block, from the ground, then, break the bottommost green block.",green
32,"<Architect> Move forward 4 steps, and place a yellow block",yellow
33,"<Architect> Place 5 yellow blocks on top of the existing one;
Break the second block you placed.",yellow
34,<Architect> Place a yellow block to the left and right of the second block from the top.,yellow
35,"<Architect> Skip one square to the left of the 2 blocks tall yellow tower and build a 3 blocks tall green tower;
Break the bottom green block.",green
36,<Architect> Skip one square to the left of the current green tower and build a column of 5 green blocks. Break the bottom block of the tower you just built.,green
37,"<Architect> Between the two green towers, build a column of three green blocks. Destroy the bottom two blocks of the tower you just built.",green
38,<Architect> Build a 6 blocks tall yellow tower and break the third block from the bottom.,yellow
39,"<Architect> Build a six blocks tall yellow tower on the middle of the grid;
Break the third block from the bottom",yellow
40,"<Architect> Facing north, place a yellow block to the left and right of the second yellow block from the top.",yellow
41,"<Architect> Facing north, skip one square to the left of the yellow tower and build a 3 blocks tall green tower, then break the bottom green block.",green
42,"<Architect> Facing north, place 2 green blocks to the left of the top green block.",green
43,"<Architect> Facing north, place two green blocks on top of the leftmost green block and one under it.",green
44,"<Architect> Facing north, build a row of three stacks of four red blocks",red
45,"<Architect> Facing north, build a 4 blocks tall and 3 blocks wide vertical red rectangle from left to right in the middle of the grid.",red
46,"<Architect> Facing north, place two orange blocks horizontally to the left of the second row of the rectangle, from the bottom.",orange
47,<Architect> Place an orange block on the four red blocks in the center.,orange
48,"<Architect> Facing north, stack 2 orange blocks on top of the leftmost orange block.",orange
49,"<Architect> Facing north, place an orange block to the left of the leftmost red block of the top row.",orange
50,"<Architect> Place on red block to the right of the second highest block of the leftmost red tower. <Builder> I think you mean ""Place one red block to the right of the second highest block of the RIGHTMOST red tower.""?
Otherwise, this doesn't make sense. <Architect> Yes, that's right, it's next tot the rightmost red tower.",red
51,"<Architect> Facing north, place a red block to the right of the rightmost red block, then place a red block on top of that, then break the first block you placed.",red
52,"<Architect> Facing north, build a 4 blocks tall 3 blocks wide vertical red rectangle from left to right in the middle of the grid.",red
53,"<Architect> Facing North, Move to left side of the red blocks and Build 4 brown blocks one by one (on top) <Builder> You can't place brown blocks. <Architect> Facing north, stack 4 orange blocks immediately to the left of the red rectangle, then break the 1st and 3rd orange blocks from the bottom.",orange
54,"<Architect> Facing north, place an orange block to the left of both existing orange blocks.",orange
55,"<Architect> Facing north, place an orange block in between the two leftmost orange blocks.",orange
56,<Architect> place an orange block on top of the middle red block.,orange
57,"<Architect> Facing north, place a red block to the right of the 2nd red block from the top.",red
58,"<Architect> Facing north, place a red block to the right of the rightmost red block, then place a red block on top of that, finally, break the first block you placed.",red
59,"<Architect> Facing south, place 3 red blocks side by side",red
60,<Architect> Put 3 red blocks in a row <Builder> Can you specify where the blocks should be placed in relation to the row of blocks that is already there? <Architect> Place the row of blocks on top of the blocks that are already placed down.,red
61,"<Architect> Facing north, build a 4 blocks tall 3 blocks wide vertical red rectangle, from left to right, in the middle of the grid.",red
62,"<Architect> Facing north, stack 4 orange blocks immediately to the left of the red rectangle, then break the 1st and 3rd orange blocks from the bottom.",orange
63,"<Architect> Facing north, place an orange block to the left of both exiting orange blocks.",orange
64,"<Architect> Facing north, place an orange block in between the two leftmost orange blocks.",orange
65,"<Architect> Facing north, build a 4 blocks tall 3 blocks wide vertical red rectangle, from left to right, in the middle of the grid.",red
66,"<Architect> Facing north, stack 4 orange blocks immediately to the left of the red rectangle, then break the 1st and 3rd orange blocks from the bottom.",orange
67,"<Architect> Facing north, place a row of three red blocks running east/west. Then repeat, building up, until you have a rectangular structure three blocks wide, 4 blocks high, and 1 block deep. <Builder> Where exactly on the grid should I place the row of 3 red blocks? You need to at least mention the starting position since the grid is currently empty. <Architect> The row should start five spaces from the left and 6 spaces from the north edge.",red
68,"<Architect> Facing north, build a stack of 4 yellow blocks",yellow
69,"<Architect> put 3 yellow blocks side by side <Builder> I don't know which direction to face, can you tell me what direction I need to face before I place the blocks? <Architect> Face south",yellow
70,<Architect> place a yellow block atop each yellow block,yellow
71,<Architect> stack 2 orange left of the eastern most yellow block stack,orange
72,<Architect> place 2 yellow blocks atop each yellow block stack,yellow
73,"<Architect> Facing north, build a 4 blocks tall 3 blocks wide vertical yellow rectangle, from left to right, in the middle of the grid.",yellow
74,"<Architect> Facing north, build a 4 blocks tall 3 blocks wide vertical yellow rectangle, from left to right, in the middle of the grid. <Builder> The instructed structure is already built on the grid. <Architect> Facing north, stack 2 orange blocks immediately to the right and to the left of the yellow rectangle.",orange
75,"<Architect> Facing SOUTH, stack 3 red blocks right in front of the left column and right column of the yellow rectangle, then break the middle blocks of both red towers.",red
76,"<Architect> Facing SOUTH, place a red block in front of all existing red blocks.",red
77,"<Architect> Facing north, build a 4 blocks tall 3 blocks wide vertical yellow rectangle, from left to right, in the middle of the grid.",yellow
78,"<Architect> Facing north, build a 4 blocks tall 3 blocks wide vertical yellow rectangle, from left to right, in the middle of the grid.",yellow
79,"<Architect> Facing north, build a 3 blocks long and 4 blocks tall yellow rectangle from left to right in the middle of the grid.",yellow
80,"<Architect> Facing North, Build a orange block left to the yellow block. <Builder> Wasn't clear whether to do a single orange block or a row. <Architect> Facing north, build a tower of two orange block left to the yellow left block",orange
81,"<Architect> In front of the left side of the yellow rectangle, build a column of four red blocks. Break the bottom block of the column. Do the same for the right side of the yellow rectangle.",red
82,<Architect> Build two red columns identical with the current red towers on the other side of the yellow rectangle. Destroy the initial red towers.,red
83,"<Architect> Place three more red blocks behind each red column;
Break the middle block of both old red columns;",red
84,"<Architect> Facing East, on the 6th column counting from the left and the 4th row counting from the bottom, build a tower of 2 orange blocks. After that, build a tower of 4 yellow blocks directly behind the orange blocks.",mixed
85,"<Architect> Facing North, place a yellow block next to the row of yellow blocks. <Builder> There is no ""row"" of yellow blocks, only a tower or a column. Where exactly do you mean by ""next to""? <Architect> Facing North, place a yellow block to the right of the yellow tower of blocks.",yellow
86,"<Architect> Facing North, place a yellow block on top of the yellow block 6 rows in from the West.",yellow
87,"<Architect> Facing North, place a yellow block on top of the yellow block that is 6 rows in from the West.",yellow
88,"<Architect> Facing North, place a yellow block on top of the yellow block 6 rows in from the West.",yellow
89,"<Architect> Facing North, place a yellow block to the left of the yellow block tower 7 rows from the West. <Builder> Not possible to build to the ""left"" of the existing yellow tower. ""7 rows from the West"" when facing North doesn't make sense. Do you mean 7 ""columns"" from the West? <Architect> Facing North, Build 4 yellow blocks (Stacking on top) right of the existing yellow blocks.",yellow
90,"<Architect> Facing North, Build 2 orange blocks (Stacking on top) of the right side of the existing yellow blocks (As similar to left side).",orange
91,"<Architect> Facing South, Move into 2 row from left (1st is orange and 2nd is Yellow block), Build a red block in front of the 2nd yellow block from the bottom. <Builder> What do you mean by ""2 row from left""? Do you mean 2 columns from the left? There are 3 yellow blocks that are ""2nd yellow block from the bottom."" Which one are you referring to? <Architect> Yes - 2nd column from left; 2nd yellow block tower has 4 blocks stacking on top right? - Build a red block in fron of the 2nd yellow block from the bottom.",red
92,<Architect> Move the red block left side one step (Near to 2nd yellow block from left and bottom),red
93,"<Architect> Facing West, Build a red block at the right side of the existing red block.",red
94,"<Architect> Facing West, Build 2 red blocks (stacking on top) on top of the right most red block.",red
95,"<Architect> Facing West, Build a red block at the left side of the upper red block (Should be contact with upper yellow block)",red
96,"<Architect> Facing north, build a 4 blocks tall and 3 blocks wide vertical rectangle from left to right.",green
97,"<Architect> Facing north, build a tower of two red blocks, then destroy the bottom red block",red
98,"<Architect> Place a red block in the middle of the grid, one level higher.",red
99,"<Architect> Facing north, build a 3 by 3 vertical purple square from left to right, centered behind the red block, one block higher than the grid.",purple
100,"<Architect> Facing North, Move to 6X6th position and build 2 Red block op top. <Builder> ""6x6th"" position from what directions? <Architect> Place a red block in the middle of the grid, one level higher.",red
101,"<Architect> Facing north, build a 3 by 3 purple square right behind the red block, from left to right, centered behind the red block, but one level higher than the grid.",purple
102,"<Architect> Facing north, place a blue block to the left of the leftmost block of the top row, and another one to the right of the rightmost block of the top row.",blue
103,"<Architect> Facing north, Build a Red block on top of the existing red block.",red
104,"<Architect> Facing North, Move the red block area, Destroy the two purple blocks besides the red block at the bottom. <Builder> What do you mean by ""move the red block area""? <Architect> Facing north, Move near to Rad block - the position of where the builder have to move.",mixed
105,"<Architect> Facing North, Destroy the bottom red block.",mixed
106,"<Architect> Facing North, Destroy the bottom side purple block and Build 3 blocks on the of the previous purple blocks as before. <Builder> What do you mean by ""on the of the previous purple blocks as before""? It doesn't make sense grammatically. <Architect> Facing north, place a red block below the existing red block, then break the top red block. Place a purple block to the left and right of the bottom purple block.",mixed
107,"<Architect> Facing North, Build a red block on top of the red block.",red
108,"<Architect> Facing North, Build 3 purple blocks on top of the purple blocks as arranged previously.",purple
109,"<Architect> Facing North, Destroy the blue blocks on both the side. Also Destroy the bottom side Red and purple blocks.",mixed
110,"<Architect> Facing North, Build a blue on top of the left most purple block.",blue
111,"<Architect> Facing north, Build a blue block left side of the existing blue block.",blue
112,<Architect> Place a red block one level higher in the middle of the grid.,red
113,"<Architect> Facing north, build a 3 by 3 vertical purple square, from left to right, one level higher than the grid, right behind the red block.",purple
114,"<Architect> Facing north, place a blue block to the right of the rightmost purple block and to the left of the leftmost purple block OF THE TOP ROW.",blue
115,<Architect> Place a blue block on top of each existing blue block.,blue
116,"<Architect> Facing north, place a blue block to the right of the leftmost blue block and another one to the left of the rightmost blue block.",blue
117,"<Architect> Facing north, put 3 purple blocks side by side",purple
118,<Architect> Put 3 purple blocks in a row,mixed
119,<Architect> put a red block in front of the middle purple block,red
120,<Architect> place two purple blocks atop each purple block,purple
121,<Architect> place blue block atop highest western purple block,blue
122,<Architect> Place a blue block on the top westmost purple block.,blue
123,<Architect> Destroy the topmost blue block on the eastern side of the structure.,mixed
124,<Architect> put a red block on top of the red block,red
125,<Architect> remove the bottom red block,mixed
126,<Architect> Remove the bottom purple blocks. All three of them,mixed
127,"<Architect> Place a blue block on top of the west-most purple block. That is, not touching the existing blue block (there's a space between).",blue
128,<Architect> remove the blue blocks on each side,mixed
129,"<Architect> Place a row of three blue blocks on top of the existing structure. Then, destroy the middle one.",blue
130,<Architect> replace blue blocks with purple,purple
131,"<Architect> Place a red block in the middle of the grid, one block higher than the ground.",red
132,"<Architect> Facing north, build a 3 by 3 vertical purple square from left to right, immediately behind the red block, one block above the ground, the center column of the square should be aligned with the red block.",purple
133,<Architect> Place a blue block on top of the leftmost and rightmost purple block of the top row.,blue
134,"<Architect> Facing north, place a blue block to the left of the leftmost blue block and another one to the right of the rightmost blue block.",blue
135,"<Architect> Facing north, place a blue block under both the leftmost and rightmost blue blocks.",blue
136,"<Architect> Facing north, build a 3 by 3 vertical purple square, from left to right, in the middle of the grid, one block higher than the ground.",purple
137,<Architect> Place a red block in front of the central purple block,red
138,"<Architect> Place one red block in the middle, one level up than the ground.",red
139,"<Architect> Behind the red block, build a 3x3 square of purple blocks centered around the red block. The purple block should be one level higher than the ground.",purple
140,"<Architect> Place a blue block on top of the leftmost top purple block;
Do the same on the rightmost one.",blue
141,"<Architect> If there are cyan/light blue blocks available, replace the existing blue blocks with them;
Then to the left of the leftmost top purple block, place a cyan/light blue block;
Do the same as the previous step on the other side.",blue
142,<Architect> Place a blue block on top of the rightmost and leftmost and rightmost blue blocks.,blue
143,"<Architect> One level from the grid, build a 3 by 3 purple square from left to right in the middle of the grid.",purple
144,<Architect> Place a red block in front of the middle purple block of the bottom row.,red
145,"<Architect> In the middle of the grid, place a red block one block higher.",red
146,"<Architect> 4 Facing north, build a 3 by 3 purple square behind the red block, one block higher than the grid.",purple
147,<Architect> Place a blue block on top of both the left and right top purple blocks.,blue
148,"<Architect> Facing north, place a blue block to the left of the leftmost blue block and another one to the right of the rightmost blue block",blue
149,"<Architect> In the middle of the grid, place a red block one level higher than the grid.",red
150,"<Architect> Facing north, build a 3 by 3 vertical purple square centered behind the red block, one level higher from the grid.",purple
151,<Architect> Place a blue block on top of both the rightmost and leftmost top purple blocks.,blue
152,<Architect> Place a blue block to the right of the rightmost blue block and another one to the left of the leftmost blue block.,blue
153,<Architect> 4 Place a below block the leftmost and rightmost blue blocks. <Builder> Which color blocks should I place? <Architect> Blue as well.,blue
154,"<Architect> place 1 blue block, skip a space, then another blue block from west to east",blue
155,"<Architect> Facing North, From the bottom left side area - Move into 5th column and 4th row position. Build a blue block.",blue
156,"<Architect> Facing north, build 2 blue blocks vertically on top of the existing blue block. Still facing north, build a blue block directly to the left of the middle blue block. Build another blue block directly to the right of the middle blue block. Finally, break the middle blue block. You should have made a cross with a hole in the middle.",blue
157,"<Architect> Build a green block at the diagonally right side of the bottom blue block. <Builder> Facing which direction? <Architect> Facing south,Build a green block at the diagonally right side of the bottom blue block.",green
158,"<Architect> Facing South, destroy the left most green block. Build 2 green blocks vertically on top of the existing green block (the one you didn't destroy), so that you have a tower of 3 green blocks. Build a green block immediately to the left of the middle green block, and another one immediately to the right of it. Finally, destroy the middle green block. Your green structure should look like the blue structure behind it.",green
159,"<Architect> Facing South, build a purple block on the 6th column counting from the left and the 6th row counting from the bottom. Using this starting purple block as the bottom piece, build a purple structure that looks like the other green and blue structures.",purple
160,"<Architect> Facing south, place a single purple block on the center.",purple
161,"<Architect> Facing South, From the bottom left side area - Move into 6th column and 5th row position. Build a purple block.",purple
162,"<Architect> Stack 3 blue blocks in the middle of the grid, then break the middle one.",blue
163,<Architect> place 3 red blocks next to each other,red
164,"<Architect> Facing east, back up two spaces, then build a tower of four blue blocks.",blue
165,<Architect> Stack 5 green blocks atop each other,green
166,"<Architect> Facing south, walk backwards and to your right a little bit, then place a tower of eight blue blocks.",blue
167,"<Architect> Facing north, go to the top of the blue tower, then place two blue blocks to the right of the top block.",blue
168,<Architect> Step forward and place 6 green blocks in a tall stack.,green
169,<Architect> Build two columns of two red blocks each to make together a square.,red
170,"<Architect> Facing North, add a green block on the top left of red block",green
171,<Architect> Remove the green block block and place a green block a the right of the remove one,green
172,"<Architect> Place a green block on top of the existing one;
Place another green block to the left of that one;
Break the first block you placed.",green
173,<Architect> Place two green blocks on top of the topmost green block.,green
174,<Architect> Remove green tower. Shift the others block (reds and one remaining green) to one block higher,mixed
175,"<Architect> Move all blocks 1 step higher. It doesn't touch the ground <Builder> The blocks are not touching the ground already. <Architect> OK, on the architect point of view, it does touch the ground. So next step is one green block up to the green block",green
176,"<Architect> Place a green block to the left of the topmost green block;
Break the block to the right of the block you just placed.",green
177,<Architect> Place two more green blocks on top of the topmost one.,green
178,"<Architect> Place two green blocks to the left of the topmost green block;
Place two green blocks under the last block you placed;
Break the leftmost green block on the top row.",green
179,"<Architect> Facing north, build a 2 by 2 vertical red square from left to right in the middle of the grid.",red
180,"<Architect> Facing north, skip one square to the left of the red square and build another 2 by 2 red square from right to left, one level higher than the grid, so that there's a 1 block gap between the 2 squares.",red
181,"<Architect> Facing north, place one more row of red blocks on top of the left red square, break its bottom row.",red
182,"<Architect> Facing North, Move to left side red block, Build 2 blocks on top as previous and Destroy the bottom side 2 red blocks.",red
183,"<Architect> Facing north, build a 2 by 2 vertical red square, from left to right, in the middle of the grid.",red
184,"<Architect> Facing north, place a green block on top of the left red block of the top row.",green
185,"<Architect> Facing north, place a green block to the left of the existing one, then stack 3 green blocks on top of that, break the first block you placed.",green
186,"<Architect> Facing north, build another red square, 2 blocks to the left of the existing one, one level higher than the ground, so it's not touching the ground and there's a 1 block gap between the red squares.",red
187,"<Architect> Facing north, place 2 green blocks on top of the leftmost red block.",green
188,"<Architect> Facing north, place a green block to the left of the topmost green block.",green
189,"<Architect> Facing north, place a green block to the right of the rightmost green block of the top row, then place a green block on top of that, finally, break the first block you placed.",green
190,"<Architect> Facing north, place a 2 by 2 vertical red square from left to right in the middle of the grid.",red
191,"<Architect> Facing north, place a green block on top of the top left red block, then place a green block to the left of that, then stack 3 green blocks on top of that, finally, break the second block you placed.",green
192,"<Architect> Facing north, skip one two blocks to the left of the red square and build another identical square but 1 block higher than the ground, so that there's a 1 block gap between the two squares.",red
193,"<Architect> Facing north, stack 2 green blocks on top of the leftmost red block.",green
194,"<Architect> Facing north, place a green block to the right of the rightmost green block of the top row, then place a green block on top of that, finally, break the first block you placed.",green
195,"<Architect> Facing north, place a green block to the left of the top block of the 3 blocks tall green tower.",green
196,"<Architect> Facing north, build a 2x2 red square <Builder> Is facing north the only requirement or is there an exact position where it needs to be built? <Architect> Facing North, Move to 7th row and 7th column position and Build the red block.",red
197,"<Architect> Stack 6 green blocks in the middle of the grid, break the first 3 from the bottom.",green
198,"<Architect> Destroy the green tower. Facing north, in the middle of the map, build a 2x2 red block",red
199,"<Architect> Facing North, Destroy the front two red block. Build 2 blocks on top of the existing red blocks.",red
200,"<Architect> Facing North, From the left Build a Green block on top of the red block.",green
201,"<Architect> Facing North, Build 3 green blocks (one by one on top) on the left edge of the existing green block.",green
202,"<Architect> Facing north, skip two blocks to the left of the red square and build another 2 by 2 vertical red square, from right to left, one level higher than the ground. There should be a one-block gap between the two squares.",red
203,"<Architect> Facing north, stack 2 green blocks on top of the leftmost red block.",green
204,"<Architect> Facing north, place a green block to the left of the of the top block of the 3 blocks tall green tower.",green
205,"<Architect> Facing north, build a single green block in diagonal of the higher green line, at the right position",green
206,"<Architect> Facing North, from the left Destroy the bottom side 2 red blocks.",mixed
207,"<Architect> Facing north, place a red block below each of the two red blocks on the left.",red
208,"<Architect> Stack 6 green blocks in the middle of the grid, then break the first three from the bottom.",green
209,"<Architect> Build a 2 by 2 two vertical red square from left to right in the middle of the grid. <Builder> Which direction should I be facing? <Architect> North, it should say somewhere in the HIT, outside of the instructions.",red
210,"<Architect> Place a green block on top of the left red block, then another one to its left, then place 3 green blocks on top of that one, then break the second block you placed",green
211,"<Architect> Destroy all the Green block. Build a green block on top of red block in the left side. <Builder> The green block is already on top of the left red block when I'm facing north. <Architect> Facing north, break all the green blocks and place a green block on top of the leftmost red block.",mixed
212,<Architect> Destroy the green block and Build a green block at the left side on top red block.,green
213,<Architect> Build 3 green blocks by stacking on the left edge of the green block.,green
214,"<Architect> Facing North, place 2 green blocks to the left of the topmost green block, then place two blocks under the last block, then break the second block you placed.",green
215,"<Architect> Facing north, place 2 red blocks under the leftmost green tower.",red
216,"<Architect> Facing north, place 2 red blocks next to the 2 leftmost red blocks, forming a square.",red
217,"<Architect> Facing north, place a green block on top of the rightmost green block of the top row, then place another one to the right of it, then break the first block you placed.",green
218,"<Architect> Facing north, build a 2 by 2 vertical red square from left to right. <Builder> Where should I start building? From left to right is too ambiguous. <Architect> Middle of the grid.",red
219,"<Architect> Facing north, place a green block on top of the left red block of the top row.",green
220,"<Architect> Facing north, place a green block to the left of the existing one, then place 3 more green blocks on top of the one you just placed, then break the first block you placed.",green
221,"<Architect> Facing north, place two green blocks to the left of the topmost green block, then place two green blocks under the last block you placed.",green
222,"<Architect> Facing north, break the leftmost topmost green block.",mixed
223,"<Architect> Facing north, on the top row, place a green block to the right of the rightmost green block, then place another green block on top of that, finally, break the first block you placed.",green
224,"<Architect> Facing north, place two red blocks below the bottom leftmost green block, then place a red block to the right of both blocks you just placed, forming a 2 by 2 red square.",red
225,<Architect> Build two columns of two red blocks each in order to form a square,red
226,"<Architect> Facing north, build a 6 blocks tall green tower immediately to the left of the red square, then break the first 3 green blocks.",green
227,"<Architect> Facing north, build a vertical 2 by 2 red square from left to right in the middle of the grid.",red
228,"<Architect> Facing North, move to the left edge of the grid and place a red block;
Place a red block on top of it;
Place a red block on each side of the bottom one.",red
229,"<Architect> Facing North, move to the right edge of the grid and place a purple block;
Place a purple block on top of it;
Place a purple block on each side of the bottom one.",purple
230,<Architect> Place a green square at the on the right corner (opposite of red corner),green
231,<Architect> Replace the green block by a yellow one,yellow
232,<Architect> Place a yellow block on top of the existing one.,yellow
233,<Architect> Place a green block on the empty corner (opposite to red corner),green
234,"<Architect> Place a green block on top of the existing one;
Place a green block on both sides of the bottom green block.",green
235,<Architect> Place a yellow block on both sides of the bottom yellow block.,yellow
236,"<Architect> Facing north, stack 2 yellow blocks on the top right edge of the grid.",yellow
237,"<Architect> Facing north, stack 2 red blocks on the top left corner of the grid.",red
238,<Architect> Place a red block on both sides of the bottom red block.,red
239,"<Architect> Facing north, stack 2 yellow blocks on the top right corner of the grid.",yellow
240,<Architect> Place a yellow block on both sides of the bottom yellow block.,yellow
241,"<Architect> Facing SOUTH, stack 2 purple blocks on the top right corner of the grid.",purple
242,<Architect> Place a purple block on both sides of the bottom purple block.,purple
243,"<Architect> Facing SOUTH, stack 2 green blocks on the top left corner of the grid.",green
244,<Architect> Place a green block on both sides of the bottom green block.,green
245,"<Architect> Facing North, Build a blue block in the left most corner.",blue
246,<Architect> Destroy the blue block and build a purple block there.,purple
247,"<Architect> Facing East, place one green block on the very top right corner of the map.",green
248,"<Architect> Facing north, stack 2 yellow blocks on the top right corner of the grid.",yellow
249,"<Architect> Facing north, stack 2 yellow blocks on the top right corner of the grid.",yellow
250,<Architect> facing north build red block in the north west corner,red
251,"<Architect> Facing North, Build two Yellow blocks at left and right of the existing bottom yellow block.",yellow
252,"<Architect> Build 3 Red blocks on existing red block at top, right and left direction respectively.",red
253,"<Architect> Facing North, Build 2 purple blocks at the left most corner by one top another.",purple
254,"<Architect> Destroy the purple blocks, Move to 1st row and 1st column position and Build 2 purple blocks by one top another. <Builder> 1st row and 1st column from where? <Architect> Facing North Destroy the purple blocks, Move to 1st row and 1st column position at left side and Build 2 purple blocks by one top another.",blue
255,"<Architect> Facing North, Destroy the existing blue blocks. Build a purple block at the 1st row and 1st column position from the left. <Builder> It's unclear where the 1st row is. 1st starting from North or South? <Architect> I have already mentioned that facing North direction. 
Facing North, Destroy the existing blue blocks. Build a purple block at the 1st row and 1st column position from the left.",purple
256,"<Architect> Break the existing purple block, then, facing south, stack 2 purple blocks on the top right corner of the grid.",purple
257,"<Architect> Facing north, stack 2 yellow blocks on the top right corner of the grid.",yellow
258,<Architect> Place a yellow block on both sides of the bottom yellow block.,yellow
259,"<Architect> Facing north, stack 2 red blocks on the top left corner of the grid.",red
260,"<Architect> Facing North, Build red blocks at left and right side of the bottom red block. <Builder> How many red blocks? The instruction says ""Build red blocks"", so it's unclear how many I should build on each side. Further, it's not possible to build to the left of the bottom red block when I am facing north as instructed. <Architect> Facing West, Build 2 red blocks at left and right side of the bottom red block.",mixed
261,"<Architect> Facing west, Build a red block at the left side of the bottom red block.",red
262,"<Architect> Facing south, stack 2 purple blocks on the top right corner of the grid.",purple
263,"<Architect> Facing North, Build a red block at the right side of the bottom red block.",red
264,<Architect> Place a purple block on both sides of the bottom purple block.,purple
265,"<Architect> Facing south, stack 2 green blocks at the top left corner of the grid.",green
266,"<Architect> Facing East, Build a green block at the right side of the bottom green block. <Builder> When facing East, it's not possible to build to the right of the green blocks. There is no more grid. <Architect> Simply place a green block on both available sides of the bottom green block.",green
267,<Architect> Go to the top right edge of the grid and place 2 yellow blocks on top of each other.,yellow
268,"<Architect> Facing north, go to the top left edge and stack 2 red blocks.",red
269,"<Architect> Build a purple block at the left most corner. <Builder> It said build 1 purple block. I assume they meant 2 blocks like the other one, but I followed the instructions exactly ""build a purple block at the left most corner"" <Architect> Actually have to build 4 blocks at each corner to get the shape. Here stated a step by step instructions.",purple
270,"<Architect> Facing South, stack 2 green blocks at the top left edge of the grid.",green
271,<Architect> Place a yellow block on both sides of the bottom yellow block.,yellow
272,<Architect> Place a block on both sides of the bottom green block.,green
273,<Architect> Place a red block on both sides of the bottom red block.,red
274,<Architect> Place a purple block on both sides of the bottom purple block.,purple
275,"<Architect> Facing north, stack 2 yellow blocks on the top right edge of the grid.",yellow
276,<Architect> In the top left corner build a column of two red blocks.,red
277,"<Architect> Facing the west, place one red block in the top right corner. <Builder> In the top right corner there are already two red blocks. Should I place a new one on top of the existent ones? <Architect> No, facing north, place one red block to the right of the existing column and one red block in front of the column.",red
278,<Architect> In the top left corner place two yellow blocks on top of each other.,yellow
279,"<Architect> Facing north, break the both yellow blocks, then go to the top right edge of the grid and stack two yellow blocks.",yellow
280,<Architect> Place a yellow on both sides of the bottom yellow block.,yellow
281,"<Architect> Facing the East, put on green square in the top right corner.",green
282,"<Architect> Facing south, stack 2 purple blocks at the top right edge of the grid.",purple
283,<Architect> Place one green block on top of the current green block.,green
284,"<Architect> Facing south, place a green block on both sides of the bottom green block.",green
285,"<Architect> Facing south, place one purple block to the left of the existent purple tower and one purple block in front of the tower.",purple
286,"<Architect> Place two red blocks in a row from left to right, then leave one square empty and place another two red blocks in the same way.",red
287,"<Architect> Facing North, Move to 3X6th position from the left. Build a Red block. <Builder> What does ""3X6th position"" mean??? From what direction? Please be more specific. <Architect> Take the position as facing North direction, then Move from the left hand side count 3rd column and 6th row position and the Build a Red block. <Architect> Facing north, build a 5 blocks long red line, from left to right, starting from the left edge of the grid.",red
288,"<Architect> Facing north, break the middle block of the line, then place a 3 blocks long red line on top of the existing one, from left to right, starting on the 2nd red block from the left.",red
289,"<Architect> Facing north, build a 5 blocks long red line from left to right starting at the left edge of the grid.",red
290,"<Architect> Facing north, break the middle red block, then place a 3 blocks long red line on top of the existing one, starting on the second red block from the left.",red
291,"<Architect> Facing WEST, place 3 blue blocks to the left of the bottom red block closest to you.",blue
292,<Architect> Facing north place a blue block on top of each existing blue block.,blue
293,"<Architect> Facing WEST, break the middle blue block of the top row, then place a blue block to the left of the leftmost blue block and another one to the right of the rightmost blue block OF THE TOP ROW.",blue
294,"<Architect> Facing east build a red block in the 3rd place <Builder> Third from the top or from the side? <Architect> Sorry, that was an awful instruction. On the sixth row from the north, build a red block on the third space from the west.",red
295,"<Architect> Facing north, place 5 red blocks, from left to right, starting at the left edge of the grid, then break the middle block.",red
296,<Architect> Place a blue block on top of the first red block on the left.,blue
297,"<Architect> Facing north, place 5 red blocks down, from left to right, starting at the left edge of the grid, then break the middle block.",red
298,"<Architect> Facing North, Destroy the left side 2 red blocks and Build a blue block next to the red block (right side).",blue
299,"<Architect> Facing north, destroy all the block. Move to 6th row and 6th column position, Build 2 block side by side (right). <Builder> Two blocks of what color? <Architect> Facing north, destroy all the block. Move to 6th row and 6th column position, Build 2 red blocks side by side (right).",red
300,"<Architect> Facing North, Build a Red block on top of the left side block.",red
301,"<Architect> Facing north, build two red block at the left of the highest red block, which gives you a line of three red blocks",red
302,"<Architect> Facing North, Build a red block down to the left most red block.",red
303,"<Architect> Facing WEST, place 3 blue blocks, horizontally, to the left of the red block closest to you.",blue
304,"<Architect> Facing WEST, place a blue block on top of every existing blue block, then break the middle blue block of the top row.",blue
305,"<Architect> Facing WEST, place a blue block to the left of leftmost blue block of the top row and another one to the right of the rightmost blue block of the top row.",blue
306,"<Architect> Facing north, place a red block to the left of the leftmost red block of the bottom row.",red
307,<Architect> On the left edge of the grid place two red blocks from left to right.,red
308,"<Architect> In the exact center of the grid, build a tower of 2 red blocks.",red
309,"<Architect> Facing south, Build a red block at the left of the bottom red block.",red
310,"<Architect> Facing south, Build 2 red blocks at right side of the top side red block (side by side).",red
311,"<Architect> Facing South, Build 2 red blocks at bottom of the right most red block (side by side towards right)",red
312,"<Architect> Facing west, place 3 blue blocks to the left of the red block closest to you.",blue
313,"<Architect> Facing West, Build a blue block on top of the left most blue block.",blue
314,"<Architect> Facing South, Build a blue block on top of the left most red block.",blue
315,"<Architect> Facing west, place a blue block to the left of both existing blue blocks on the top row.",blue
316,"<Architect> Facing north, build a tower of 2 red blocks, in the middle of the map",red
317,"<Architect> Facing north, place 2 red blocks from left to right on the left edge of the grid.",red
318,"<Architect> Facing north, place a red block on top of the right red block, then place two blocks to the right of that one.",red
319,"<Architect> Facing north, place a block below the rightmost red block, then place a red block to the right of that.",red
320,"<Architect> Facing north, place a blue block on top of the rightmost red block.",blue
321,"<Architect> Facing west, place a blue block to the left of the existing blue block.",blue
322,"<Architect> Facing west, place a block below the leftmost blue block, then place two blue blocks to the left of that.",blue
323,"<Architect> Facing west, place a blue block on top of the leftmost blue block, then place another one to the left of that.",blue
324,<Architect> Build a column of 5 purple blocks,purple
325,<Architect> Stack 5 purple blocks on top of one another,purple
326,<Architect> Make a stack of 5 purple blocks,mixed
327,"<Architect> Place 4 purple blocks to the right of the top most purple block, in a row",purple
328,<Architect> place a purple block above and below the high purple block 1 to the left of the eastmost high block,purple
329,<Architect> place a purple block 2 east and 3 levels up from the base of the purple stack,purple
330,<Architect> facing south put a blue box diagonal to the right of the upper most block.,blue
331,<Architect> Replace the blue box with a purple box.,purple
332,<Architect> Stack 5 purple blocks in the middle of the grid.,purple
333,"<Architect> Facing north, place 4 purple blocks to the right of the top block of the purple tower.",purple
334,"<Architect> Facing north, stack 2 purple blocks above and below the 2nd purple block from the right.",purple
335,<Architect> Build a column of 5 purple blocks.,purple
336,"<Architect> Facing North, place 4 purple blocks to the right of the top purple block of the existing tower.",purple
337,"<Architect> Break every block on the horizontal line, except for the one that's the bottom of the tower;
Place 4 purple blocks to the right of the TOP purple block.",purple
338,<Architect> Place a purple block on top and below the fourth purple block on the line.,purple
339,"<Architect> Place a purple block on top of the topmost one;
Place a purple block to the left of that;
Remove the first block you placed.",purple
340,"<Architect> Place a purple block below the lowest purple block (not counting the tower itself);
Place a purple block to the left of that;
Remove the first block you placed.",purple
341,"<Architect> Break the rightmost purple block;
Shift the staircase-like structures one block to the left.",purple
342,<Architect> Stack five purple blocks in the middle of the grid.,purple
343,"<Architect> Facing north, place 4 purple blocks to the right of the top purple block.",purple
344,"<Architect> Facing north, place 2 purple blocks on top and below the 2nd purple block from the right.",purple
345,<Architect> Stack 5 purple blocks in the middle of the grid.,purple
346,"<Architect> Facing north, place 4 purple blocks to the right of the top block.",purple
347,"<Architect> Facing North, Build a purple block at the top of second purple block (At the topside). <Builder> Second block from what direction? <Architect> Facing North, Build a purple block at the top of second purple block (At the topside - right to left direction)",purple
348,"<Architect> Facing north, place a purple block on top of the highest one, then place 2 purple blocks under the 2nd purple block from the right.",purple
349,"<Architect> Destroy the purple block at the second position from right to left direction. <Builder> The 2nd purple block on which row? There are 5 purple blocks that fit the instruction's description. And which direction should I be facing? <Architect> Facing North, Destroy the bottom purple at the second row from the left direction.",mixed
350,"<Architect> Facing North, Destroy the bottom purple block at the second block from the left side.",mixed
351,"<Architect> Move to 5X5 position from left side and Build a purple block. <Builder> Which direction (east,west,south,north) should I be facing? <Architect> As per the 5X5 instruction, have to face the North and build a purple block.",purple
352,<Architect> Place another purple block on top of the one that is already there.,purple
353,<Architect> Place another purple black on top of the two blocks.,purple
354,<Architect> Build a 5 blocks tall purple tower in the middle of the grid.,purple
355,"<Architect> Facing north, place 4 purple blocks to the right of the top purple block. <Builder> Should the new 4 purple blocks be stacked horizontally or vertically? <Architect> Horizontally.",purple
356,"<Architect> Facing north, place a purple block on top and under the second purple block from the right.",purple
357,"<Architect> 4 Facing north, place a purple block on top of the top purple block, then another one to the left of that, then break the first block you placed.",purple
358,"<Architect> Facing north, place a block below the lowest purple block (not counting the tower), then place a block to the left of that one, now break the first block you placed.",purple
359,<Architect> Build two columns of three purple blocks each separated by an empty square.,purple
360,<Architect> Build two columns of three purple blocks each separated by an empty cell.,purple
361,<Architect> Stack 3 purple blocks in the middle of the grid.,purple
362,"<Architect> Facing north, build a 6 blocks tall orange tower to the left of the purple tower, then break the bottom 3 orange blocks.",orange
363,"<Architect> Facing north, stack 3 purple blocks immediately to the left of the orange blocks.",purple
364,"<Architect> Facing north place 3 blocks below the leftmost purple tower, then break the top 3 purple blocks of that tower. <Builder> What color should the new blocks be? <Architect> They should be purple as well.",purple
365,"<Architect> Facing north, place a blue block on top of the orange tower, then place a blue block to the left and right of that block, finally, break the middle blue block.",blue
366,"<Architect> Stack 2 yellow blocks on top of the orange tower, break the bottom yellow block.",yellow
367,"<Architect> Facing north, place a blue block to the left of the middle orange block.",blue
368,"<Architect> Facing north, place a blue block between the two leftmost blue blocks, then place another blue block to the left of that one, finally, break the first block you placed.",blue
369,"<Architect> Facing north, place a blue block to the right of the rightmost blue block, then stack 2 blue blocks on top of that one, finally, break the first block you placed.",blue
370,"<Architect> Facing north, place a purple block in front of the bottom block of the left purple tower.",purple
371,"<Architect> Facing north, place a purple block in front of the bottom block of the right purple tower, one block to the right.",purple
372,"<Architect> Stack 6 orange blocks in the middle of the grid, then break the first 3 blocks from the bottom.",orange
373,"<Architect> Facing north, stack 3 purple blocks immediately to the right of the orange tower, starting on the ground.",purple
374,"<Architect> Facing north, stack 3 purple blocks immediately to the left of the orange tower, starting at ground level.",purple
375,"<Architect> Facing north, place a blue block on top of the orange tower, then place a blue block to the right and left of that one, break the middle blue block.",blue
376,"<Architect> Facing north, place a blue block to the right of the rightmost blue block, then stack 2 blue blocks on top of that, finally, break the first block you placed.",blue
377,"<Architect> Facing north, place a blue block to the left of the middle orange block, then place another blue block on top of it, but one block to the left.",blue
378,"<Architect> Facing north, place a purple block in front of the bottom block of the left purple tower.",purple
379,"<Architect> Facing north, place a purple block in front of the bottom block of the right purple tower, then place a purple block to the right of that, finally, break the first block you placed.",purple
380,"<Architect> Stack 2 yellow blocks on top of the orange tower, then break the bottom yellow block.",yellow
381,"<Architect> place two purple blocks, one behind the other <Builder> I don't know what to place or where to move, can you tell me what to do next? <Architect> Face north and place a purple block in front of a purple block",purple
382,"<Architect> Face north, put a purple block in front of another purple block",purple
383,<Architect> Put a purple block behind a purple block,purple
384,<Architect> remove the purple block furthest north,mixed
385,<Architect> place purple block three east of southernmost purple block,purple
386,<Architect> place a purple block to the east of the south-eastern most purple block,purple
387,<Architect> remove the left most purple block.,mixed
388,<Architect> facing north keep the orange box on the purple box <Builder> Should i put orange boxes on all purple boxes or only on a one? <Architect> There will not be any orange boxes on any of the purple boxes.,mixed
389,<Architect> destroy one block on the left.,mixed
390,<Architect> Take the rightmost purple block and place that to the left of the current left most block and set it beside it.,purple
391,<Architect> Place two purple blocks on top of the northmost block of the cluster found towards the west.,purple
392,<Architect> Place a stack of three purple blocks two squares to the east of the existing stack of three purple blocks.,purple
393,<Architect> Destroy the northmost purple block and add a purple block two squares to the south.,purple
394,<Architect> Place a stack of six red blocks between the two stacks of three purple blocks.,red
395,<Architect> Destroy the bottom three red blocks.,mixed
396,<Architect> Build two yellow blocks on top of the red blocks.,yellow
397,<Architect> Destroy the yellow block that is the second from the top.,mixed
398,<Architect> Build four more purple blocks on top of the western stack of existing purple blocks.,purple
399,<Architect> Stack 3 purple blocks in the middle of the grid.,purple
400,"<Architect> Facing north, stack 6 orange blocks immediately to the right of the purple tower, then break the 3 first orange blocks from the bottom.",orange
401,"<Architect> Facing north, stack 3 purple blocks immediately to the right of the orange tower, on the ground.",purple
402,"<Architect> destroy yellow color blocks <Builder> There are no yellow blocks, only orange. <Architect> Place a blue block on top of the orange tower, then place a blue block to the left and right of that one, finally, break the middle blue block.",blue
403,"<Architect> Stack 2 yellow blocks on top of the orange tower, then break the bottom yellow block.",yellow
404,"<Architect> Facing north, place a blue block to the left of the middle orange block, then place a blue block in between the two blue blocks, but one block to the left.",mixed
405,"<Architect> Facing north, place a tower of 3 purple block",purple
406,"<Architect> Facing North, place a tower of 3 purple block at the left of existing one, leaving a blank space between the two towers",purple
407,<Architect> Stack 3 purple blocks in the middle of the grid.,purple
408,"<Architect> Facing North, at five block from the left, move forward 4 block and place a purple square",purple
409,<Architect> Build a 3 blocks tall purple tower behind the existing block.,purple
410,"<Architect> Place a blue block up to highest purple block, leaving one blank block between them",blue
411,"<Architect> Facing north, place a maroon block on the right on the blue block",red
412,<Architect> Replace the red block with an orange one.,orange
413,<Architect> Place an orange block on top and under the existing one.,orange
414,"<Architect> Skip over one square to the right of the purple tower and build another one of the same height, so that there's a gap between the towers.",purple
415,"<Architect> Place a purple block to the right of the purple block that's in front of the right tower;
Break the block I just referred to above so that the two purple structures are not identical anymore.",purple
416,<Architect> Place a blue block in diagonal of the existing blue block <Builder> Diagonal in what direction? <Architect> Diagonal going up and to the left if facing North.,blue
417,<Architect> Place a blue block diagonal to the leftmost blue block (going up and to the right when facing North).,blue
418,"<Architect> Place two yellow blocks on top of the orange tower;
Break the first block you placed.",yellow
419,"<Architect> Place a blue block to the right of the top yellow block, ONE BLOCK DOWN.",blue
420,"<Architect> Place a blue block diagonal to the rightmost blue block (GOING UP AND TO THE RIGHT);
Place a blue block on top of the one you just placed.",blue
421,"<Architect> Facing north, go forward for 4 steps, and place a purple block",purple
422,<Architect> Place two purple blocks on top of the existing one.,purple
423,<Architect> Skip one square and build a 3 blocks tall purple tower to the right of the existing one.,purple
424,"<Architect> In between the two towers, build a 6 blocks tall orange tower;
Break the first three blocks you placed.",orange
425,"<Architect> Place a blue block on top of the orange tower;
Place a block to the left and right of the blue block;
Break the middle blue block.",blue
426,<Architect> Build a column of two yellow blocks between the two blue blocks. Destroy the bottom block.,yellow
427,"<Architect> Place a blue block to the right of the rightmost blue block;
Place two blue blocks on top of that block;
Break the first block you placed.",blue
428,<Architect> On top of the left purple tower place two blue blocks. Destroy the first block you placed.,blue
429,"<Architect> Place one red block on top of the lowest blue block. To its left, place a blue block. Break the red block you first placed.",blue
430,<Architect> Build a 3 blocks tall purple tower in the middle of the grid.,purple
431,"<Architect> Facing north, skip one square to the right of the purple tower and build another one of it.",purple
432,<Architect> Build a 6 blocks tall orange tower in between the two towers and then break the 3 bottom blocks.,orange
433,"<Architect> Facing north, place a purple block in front of the bottom purple block of the left tower.",purple
434,"<Architect> Facing north, place a purple block in front of the right tower, then place another one to the right of that, then break the first block you placed.",purple
435,"<Architect> Facing north, place a blue block to the left of the middle orange block.",blue
436,"<Architect> Facing north, place a blue block to the left of the existing blue block, one block higher.",blue
437,"<Architect> Facing north, place a blue block on top of the orange tower, then place a blue block to the left and right of it, now break the middle blue block.",blue
438,"<Architect> Place two yellow blocks on top of the orange tower, then break the bottom yellow block.",yellow
439,"<Architect> Facing north, place a blue block to the right of the rightmost blue block, then place 2 blue blocks on top of that, then break the first block you placed.",blue
440,"<Architect> In the middle of the grid, build a 3 blocks tall purple tower.",purple
441,"<Architect> Facing north, skip a square to the right of the tower and build another 3 blocks tall purple tower.",purple
442,"<Architect> Build a 6 blocks tall orange tower in between the existing ones, then break the bottom 3 orange blocks.",orange
443,"<Architect> Facing north, place a blue block to the left of the middle orange block.",blue
444,"<Architect> Facing north, place a blue block on top of the orange tower, then place a blue block to the left and right of that, then break the first block you placed.",blue
445,"<Architect> Stack two yellow blocks on top of the orange tower, break the bottom yellow block.",yellow
446,"<Architect> Facing north, place a blue block to the right of the rightmost blue block, then place two blocks on top of that, then break the first block you placed.",blue
447,"<Architect> Facing north, place a blue block in between the two leftmost blue blocks, then place a blue block to the left of that one, then break the first block you placed.",blue
448,"<Architect> Facing north, place a purple block in front of the bottom block of the left purple tower.",purple
449,"<Architect> Facing north, place a purple block in front of the bottom block of the right purple tower, then place a purple block to the right of that, finally, break the first block you placed.",purple
450,"<Architect> Facing North, From the bottom left side area - Move into 4th column and 4th row position. Build 3 yellow blocks by one top of another.",yellow
451,<Architect> Build each one yellow block at the right and left side of the top most yellow block.,yellow
452,"<Architect> Facing North, build a red block directly to the left of the left most yellow block. Build 2 more red blocks vertically on top of the red block you just built.",red
453,<Architect> Build a 3 red blocks at the left side of the centre red block.,red
454,"<Architect> Facing North, Build a blue block at top right corner of the bottom yellow block (diagonally)",blue
455,"<Architect> Facing south, Build 3 blue blocks on top of the existing blue block.",blue
456,"<Architect> Facing west, Build each one blue block the right and left side of the top most blue block.",blue
457,"<Architect> Facing west, walk forwards a little bit, then place a tower of four blue blocks.",blue
458,"<Architect> Facing north, place a tower of four blue blocks two spaces to the right of the existing tower, then delete the left tower.",blue
459,"<Architect> Facing North, From the bottom left side area - Move into 4th column and 5th row position. Build a brown block. <Builder> 4th column counting from which direction? 5th row counting from which direction? The wording of ""Facing North, From the bottom left side area"" is weird and does not clearly communicate how the columns and rows should be determined. Why do I need to face north ""from the bottom left side area""? <Architect> Actually we need build as per the given image. Among the empty area we need to build at particular place. 
So let me know how you expect to give instruction to point out particular location?",red
460,"<Architect> Destroy the red block and replace with brown block. <Builder> There is no brown, do you mean orange? <Architect> Yes, replace the existing red block with an orange block.",orange
461,"<Architect> Facing North, Build a brown block diagonally at the left corner of the existing brown block.",orange
462,"<Architect> Facing North, Destroy the side diagonal brown block and Build diagonally at the top right corner of the bottom brown block.",orange
463,"<Architect> Facing North, Build a brown block diagonally at the left side of the bottom brown block. (Similar to right side) <Builder> Builders don't have an option to build brown blocks. Do you mean orange? <Architect> Facing North, Build a orange block diagonally at the left side of the bottom orange block. (Similar to right side)",orange
464,"<Architect> Facing North, Destroy the top side 2 orange blocks.",mixed
465,"<Architect> Facing North, starting from the existing orange block, build 2 orange blocks that extend diagonally upwards to the left, like a staircase. You should end up with a total of 3 orange blocks that are arranged like stairs.",orange
466,"<Architect> Facing North, Destroy the upper side orange block.",mixed
467,"<Architect> Destroy the existing block.
Facing North, build an orange block on the 4th column counting from the left and the 5th row counting from the bottom. Build a row of 3 orange blocks centered on top of the first orange block you built. Destroy the middle block.",orange
468,"<Architect> Destroy all of the existing blocks. Facing North, build an orange block on the 4th column counting from the left and the 5th row counting from the bottom.",mixed
469,"<Architect> Facing north, stack 4 green blocks on the right edge of the grid.",green
470,"<Architect> Facing north, place 2 green blocks to the left of the bottom green block.",green
471,"<Architect> Facing north, place 2 green blocks to the left of the 2nd highest green block.",green
472,"<Architect> Facing north, place a green block on top of the leftmost green block, the highest one of the two.",green
473,"<Architect> Facing north, skip one square to the left of the big green 'Y' and place 2 yellow blocks, from right to left, one block higher than the ground.",yellow
474,"<Architect> Facing north, place 2 yellow blocks on top of each existing yellow block, then break the 2 middle yellow blocks.",yellow
475,"<Architect> Facing north, skip one block to the left of the big yellow ""="" structure and place 3 purple blocks, from right to left, one level higher than the grid, finally, break the middle purple block.",purple
476,"<Architect> Place a purple block between the two existing ones, but one level higher.",purple
477,"<Architect> Facing north, place a purple block on top of the topmost purple block, then place a purple block to the left and right of that one, finally, break the first block you placed.",purple
478,"<Architect> Facing north, build a 4 blocks tall green tower on the right edge of the grid.",green
479,"<Architect> Facing north, place 2 green blocks to the left of the bottom green block.",green
480,"<Architect> Facing north, stack 4 green blocks on the right edge of the grid.",green
481,<Architect> horizontally left to the bottom green block facing north place 3 green blocks,green
482,"<Architect> Facing North, Build a Green block at left side of the second Green block from Top.",green
483,"<Architect> Facing North, Build 2 green blocks (one on another) at left side of the green block at top side right to left direction.",mixed
484,"<Architect> Facing north, stack 4 green blocks at the right edge of the grid.",green
485,"<Architect> Facing north, place 2 green blocks to the left of the bottom green block.",green
486,"<Architect> Facing North, Build 2 green block at the left side of 2nd top green block by side by side.",green
487,"<Architect> Facing North, Build a green block at top of the left top most green block.",green
488,"<Architect> Facing north, build a 4 blocks tall green tower on the right edge of the grid.",green
489,"<Architect> Facing north, place two blocks to the left of the bottom green block.",green
490,"<Architect> Facing north, place two blocks to the left of the second green block from the top.",green
491,"<Architect> Facing north, place a green block on top of the leftmost green block (the top one).",green
492,"<Architect> Facing north, skip one square to the left of the big ""Y"" and place two yellow blocks from right to left one block higher than the grid.",yellow
493,"<Architect> Facing north, place two yellow blocks one block higher than the existing yellow blocks (so that there's a gap between the four blocks.",yellow
494,"<Architect> Facing north, skip one block to the left of the yellow structure and place 3 purple blocks one block higher from the grid, from right to left.",purple
495,"<Architect> Facing north, place a purple block on the MIDDLE of the purple line, then break the block below the one you just placed.",purple
496,"<Architect> Facing north, place a purple block on top of the top purple block, then place a purple block to the left and right of that one, then break the first block you placed.",purple
497,"<Architect> Starting from the right side of the grid, build a row of three green blocks. On top of the first block you placed, add three more green blocks on top of each other.",green
498,"<Architect> Facing north, place 2 green blocks to the left of the second green block from the top.",green
499,"<Architect> Facing north, build a tower of 5 red blocks. Destroy the 2nd and 4th blocks",red
500,"<Architect> Facing north, place down 4 purple blocks, from left to right, in the middle of the grid, then break the 2nd block from the left.",purple
501,"<Architect> Facing north, stack 2 red blocks on top of the purple block on the left.",red
502,"<Architect> Facing north, build a 3 by 3 by 3 red cube in the middle of the grid, then break the bottom row.",red
503,"<Architect> Facing east, build three towers next to each other of 3 orange blocks each. Destroy the highest block of the middle tower.",orange
504,"<Architect> To the right of the orange structure, and closer to you than the orange structure, build three towers next to each other of 3 red blocks each and then destroy the bottom block of each tower.",red
505,"<Architect> Facing east, build three towers next to each other of 2 orange blocks each. Destroy the bottom block of each tower. Build an identical row of orange blocks behind the first row. Destroy the middle block of the first row.",orange
506,"<Architect> Facing east, place an orange block on the ground, immediately to the left and right of the orange structure (the row closest to you).",orange
507,"<Architect> Facing east, behind the middle block of the last row of orange blocks, place a green block. To its right, and one level higher, place another green block.",green
508,<Architect> To the right of the highest green block place another green block one level higher,green
509,"<Architect> Stack 3 green blocks in the middle of the grid, then break the bottom 2.",green
510,"<Architect> Facing north, place a green block to the left of the existing one, one level lower.",green
511,"<Architect> Stack 5 orange blocks in the middle of the grid, then break the bottom 2.",orange
512,"<Architect> Stack 5 orange blocks in the middle of the grid, then break the bottom 2.",orange
513,"<Architect> Facing north, on the middle row, place down 9 green blocks, from left to right, starting at the second square from the left edge.",green
514,"<Architect> Facing north, stack 8 green blocks on top of the leftmost green block.",green
515,<Architect> Stack 6 yellow blocks in the middle of the grid.,yellow
516,"<Architect> Facing North from the top, Move into 5th column and 3rd row position. Build 3 red blocks side by side towards right. <Builder> 5th column counting from which direction? 3rd row counting from which direction? <Architect> Facing North from the top-left direction, Move into 5th column and 3rd row position. Build 3 red blocks side by side towards right.",red
517,"<Architect> Destroy the existing red blocks. Facing North, Move into 5th column and 3rd row position from the left. Build 3 red blocks side by side towards right. <Builder> Your instruction builds the exact same structure that you told to destroy. <Architect> Actually it close to south direction we need closer to North direction. So destroy it and build as below instruction,
Destroy the existing red blocks. Facing North, Move into 5th column and 3rd row position from the left. Build 3 red blocks side by side towards right.",mixed
518,"<Architect> Destroy all the Red blocks. <Architect> Facing North from the south edge, Move into 5th column and 3rd row position. Build 3 red blocks side by side towards right. <Builder> 5th column counting from which direction? 3rd row counting from which direction? <Architect> Facing North from the south edge, Move into 5th column and 3rd row position from the left (west to east). Build 3 red blocks side by side towards right.",red
519,"<Architect> Facing South from the north edge, Build a green block below to the centre red block.",green
520,"<Architect> Facing North, Build 2 Red Block at the top of the left side red blocks. <Builder> Since you said ""left side red blocks"" (plural), do you want a red block on top of the middle red block and the left most red block? Or do you want 2 red blocks on top of the left most red block? <Architect> Facing South, Build 2 Red Blocks below to the left most red block.",red
521,"<Architect> Facing South, Build 2 red blocks below to the right most red block.",red
522,"<Architect> In front of the leftmost and rightmost red blocks, add one orange block",orange
523,"<Architect> Facing West, Destroy the 2 yellow blocks and Build orange blocks instead. 
(Note: Replace the 2 yellow blocks with orange blocks.)",mixed
524,"<Architect> On top of the green block, add 2 blue blocks. To the left of the highest blue block, add 2 blue blocks.",blue
525,"<Architect> Facing North from the top, Move into 7th column and 2nd row position. Build a Yellow block. <Builder> 7th column counting from which direction? 2nd row counting from which direction? <Architect> Facing North from the top, Move into 7th column and 2nd row position from the Left. Build a Yellow block.",yellow
526,"<Architect> Destroy the existing Yellow block. Facing North, Move into 7th column and 2nd row position from the left direction. Build a yellow block. <Builder> Your instruction simply rebuilds the yellow block in the exact same spot. Clarify exactly where you mean by ""7th column and 2nd row position from the left direction."" <Architect> Just opposite of south to north. The required block should be close to North direction top side. 
Destroy the existing Yellow block. Facing North, Move into 7th column and 2nd row position from the left direction. Build a yellow block.",mixed
527,"<Architect> Destroy the yellow block. <Architect> Facing North from the South edge, Move into 7th column and 2nd row position. Build a yellow block. <Builder> 7th column column counting from which direction? 2nd row counting from which direction? Telling me to face north from the south edge doesn't mean anything in regard to how the columns and rows should be determined. <Architect> Facing North from the South edge, Move into 7th column and 2nd row position from the left (West to east direction). Build a yellow block. <Architect> Facing North from the south edge, Move into 7th column and 2nd row position from the left direction (west to east), Build a Yellow block. <Builder> Please clarify whether the 2nd row should be counted from the north or the south. Telling me to face north from the south edge does not imply that I should count the rows starting from the south. If that's what you mean, please word your sentence grammatically. <Architect> Facing North, Move into 7th column from west and 2nd row from south position. Build a Yellow Block.",yellow
528,"<Architect> Facing West, Build 2 Yellow blocks diagonally at the right corner.",yellow
529,"<Architect> Facing North, Destroy the 2 yellow blocks from left (west to east)",mixed
530,"<Architect> Facing West, Build 2 yellow blocks diagonally at the top right corner of the yellow block.",yellow
531,"<Architect> Facing West, Destroy the right most 2 yellow blocks.",mixed
532,"<Architect> Facing west, to the right of the yellow block build a tower of 2 yellow blocks and then destroy the bottom block. To the right of this block, build a tower of 3 yellow blocks and then destroy the bottom two blocks.",yellow
533,"<Architect> Facing North from the top, Move into 6th column and 2nd row position. Build a yellow block. <Builder> 6th column counting from which direction? 2nd row counting from which direction? <Architect> Place a yellow block at the space 6 columns from the left and 2 rows from the front <Architect> Facing North, Move into 6th column and 2nd row position from the left. Build a Yellow block. <Builder> 6th column - counting from which direction?
""2nd row position from the left"" - Doesn't make sense. Do you mean 6th column counting from the left? Then 2nd row counting from which direction? <Architect> What makes no sense? Please check the conjunction word ""and"" between column and row. Direction have already mentioned as from left. 
So you can follow this instruction which is clear already.
Facing North, Move into 6th column and 2nd row position from the left. Build a Yellow block. <Architect> Facing North, From the bottom left side area - Movie into 7th column and 3rd row position. Build a Yellow Block.",yellow
534,"<Architect> Facing North from the top, Move into 7th column and 3rd row position. Build 2 Green blocks side by side towards right. <Builder> 7th column counting from which direction? 3rd row counting from which direction? <Architect> Facing North from the top, Move into 7th column and 3rd row position from the left. Build 2 Green blocks side by side towards right.",green
535,"<Architect> Destroy the existing 2 green blocks. Facing North, Movie into 7th column and 3rd row position from the left direction. Build 2 green blocks side by side towards right. <Builder> Your instruction simply rebuilds the 2 green blocks in the exact same place. Clarify exactly where you mean by ""7th column and 3rd row position from the left direction."" <Architect> Destroy the existing 2 green blocks. Facing North, from the bottom left side direction, Movie into 7th column and 3rd row position. Build 2 green blocks side by side towards right",green
536,"<Architect> Facing North from the south edge, Build 2 Green over the right Green block by one top of another.",green
537,"<Architect> Facing North, Build 2 Green blocks one top of another at the left side of the top most green block.",green
538,"<Architect> Facing North, Destroy the right most 2 green blocks from the east to west direction.",mixed
539,"<Architect> Facing North, Build 2 Green block at the left side of top side green block. 
(Note: Left in the sense towards west direction)",green
540,"<Architect> Facing North, Build a green block at the left side of the top most green block. 
(Note: Left - Towards west direction)",green
541,"<Architect> Facing South from the top, Move into 6th column and 3rd row position. Build 4 blue blocks side by side towards right. <Builder> 6th column counting from which direction? 3rd row counting from which direction? <Architect> 6th column from the right and 3rd row closest to you. <Architect> Facing South, Move into 6th column and 3rd row position from the left. Build 4 blue blocks side by side towards right. <Builder> 3rd row counting from which direction? From the left doesn't make sense. <Architect> Hope from the left is provide clear sense. Hereby I mentioned from left as west to east.
Facing South, Move into 6th column and 3rd row position from the left. Build 4 blue blocks side by side towards right. <Architect> Facing South, From the bottom left side area - Movie into 6th column and 3rd row position. Build 4 Blue blocks side by side towards right.",blue
542,"<Architect> Facing East from the West edge, Build 4 Blue block side by side towards right of the 1st blue block (Bottom).",blue
543,"<Architect> Facing North, Build 2 blue block below to the 2nd blue block from the west to east direction.",blue
544,"<Architect> Facing North, Build 2 Yellow block below to the 2nd column bottom blue block. <Builder> There are no blue blocks in the second column. All the blue blocks are on ground level. It's physically not possible to build ""below"" them. <Architect> Facing North, Build 2 Yellow blocks below to the 2nd column bottom end blue block.
(Note: Existing blue blocks 5 column available)",mixed
545,"<Architect> Facing West, Build 2 yellow blocks below to the left most two blue blocks. <Builder> Do you want 2 yellow blocks below each of the two left most blue blocks or 1 each? <Architect> Yes, 2 yellow blocks below to the 2 blue blocks.",yellow
546,"<Architect> Facing North, Destroy the 2 right most yellow blocks.",mixed
547,"<Architect> Facing North, Build 2 yellow blocks below to the right most blue blocks (1 each).",yellow
548,"<Architect> Facing West, Build 6 blue blocks at the gap (Fill the existing shape like rectangle)",blue
549,"<Architect> Facing North from the top, Move into 5th column and 4th row from the Left. Build 3 red block by keep one top of another. <Builder> 4th row from the left? Doesn't make sense.
""Facing North from the top"" - What do you mean by face north from the top? Do I need to be looking down at the map from high up?
""by keep one top of another"" - Not grammatical. Doesn't make sense. <Architect> Facing North, Move into 5th column and 4th row position from the left direction. Build 3 red blocks by one top of another. <Architect> Facing North from bottom side, Move into 5th column and 4th row position from the left direction. Build 3 Red block one top of another. <Builder> What do you mean by ""Facing North from bottom side""? Do I need to position my character somewhere on the bottom of the map?
I get that you mean 5th column from the left, but it's still not clear whether 4th row should be counted from the north edge or the south edge. <Architect> Yes, Exactly. Please start from the bottom position. 
Row count from the south edge.",red
550,"<Architect> Facing North, Build a brown block on top of the red block. <Builder> It's not possible to build brown blocks. Builders only have these 6 color options: blue/yellow/green/orange/purple/red <Architect> Facing North, Build a orange block on top of the red block.
Note: Orange looks like brown in actual image.",orange
551,<Architect> Destroy the top side 1 block.,mixed
552,"<Architect> Facing North, Build a Orange block on top of the Red block.",orange
553,"<Architect> Facing North, Build 3 Yellow blocks at the right of the Orange block.",yellow
554,"<Architect> Facing North, Destroy the top side 2 yellow blocks and build 2 yellow blocks side by side towards of the existing yellow block.",yellow
555,"<Architect> To the right of the rightmost yellow block place one orange block. Underneath it, add 3 red blocks.",mixed
556,"<Architect> Facing South, Move into 3rd column from the east and 4th row from north position. Build 2 Red blocks on top of another.",red
557,"<Architect> Facing North, Build a orange block on top of the red block.",orange
558,"<Architect> Facing South, Build 3 green blocks side by side towards right of the orange block. <Builder> Which orange block? There are currently 2 orange blocks to which your instruction applies. <Architect> Facing South, Build 3 green blocks side by side towards right of the orange block.
(Single tower orange block 3rd position from the bottom)",green
559,"<Architect> Stack 5 blue blocks in the middle of the grid, then break the bottom 2.",blue
560,"<Architect> Place a blue block in the middle of the map, then a red block on top of that.",mixed
561,"<Architect> To the right of the blue block, skip two grid cells and place another blue block. On top of it place a red block.",mixed
562,"<Architect> Facing north, place a green block at the bottom.",green
563,<Architect> Facing North place blue blocks in a diagonal manner <Builder> How many blocks should be placed? <Architect> Place 5 blue blocks diagonally,blue
564,<Architect> Place a green block 4 spaces east of a blue block <Builder> There are 5 blue blocks - which block should I place the green block east of? <Architect> Place it east of the first blue block,mixed
565,<Architect> Destroy all of the blocks placed down <Architect> make a stack of 4 blue blocks,blue
566,<Architect> place a green block 4 spaces east of the lowest blue block,green
567,<Architect> put a green block north of the green block,green
568,<Architect> move the green block 4 spaces east of the stack of blue blocks <Builder> What do you mean by move? Do you mean remove? <Architect> move the two green blocks 8 spaces to the east,green
569,<Architect> place a green block on the square 2 west and 2 north of the southern most green block,green
570,<Architect> Remove all green blocks.,mixed
571,<Architect> Put a green box in the center of the map.,green
572,"<Architect> Put a blue box, a orange box and another blue box on the green box.",mixed
573,<Architect> Remove all of the blocks except the green one,mixed
574,"<Architect> Above the green block: Place an empty space, red block and blue block.",mixed
575,"<Architect> Facing South, remove the red block from the stack.",mixed
576,"<Architect> Facing North, add a block on the green block, any color.",blue
577,<Architect> Build a red block between the blue blocks and remove the lower blue box.,red
578,"<Architect> Place four blue blocks in a stack, one on top of the other.",blue
579,<Architect> place a green block on the right side of the blue tower 3 blocks away from it,green
580,"<Architect> place a green block diagonally in front of the green block, skipping one square <Builder> Which way diagonally to the left or right? <Architect> place a green block diagonally in front of the green block, skipping one square",green
581,"<Architect> place a green block diagonally in front of the green block, skipping one square",green
582,"<Architect> place a green block diagonally in front of the green block, skipping one square <Builder> Infront of which green block there are two green block <Architect> Following the instructions, they are correct and easy to perform",mixed
583,"<Architect> place a green block diagonally in front of the green block, skipping one square",green
